SampleID,Sample_Name,seqrun,f_primer,r_primer,Cycles,Annealing_temperature,Taq,Project_Description/_Owner,psyllid_family,psyllid_genus,psyllid_spp,hostplant_spp,Collection_Date,replicated,lat,long,genus_geo
30_S30,30,2,16S_F,16S_R,25,55,KAPA 3G,NZ Psyllids/Martoni F.,Psyllidae,Acizzia,Acizzia_acaciae,Acacia_melanoxylon,14/09/2014,FALSE,-43.71416667,172.7833333,Acizzia
95_S81,95,2,16S_F,16S_R,25,55,KAPA 3G,NZ Psyllids/Martoni F.,Psyllidae,Acizzia,Acizzia_acaciae,Acacia_melanoxylon,26/02/2015,FALSE,-46.40222222,168.3608333,Acizzia
123_S103,123,2,16S_F,16S_R,25,55,KAPA 3G,NZ Psyllids/Martoni F.,Psyllidae,Acizzia,Acizzia_acaciae,Acacia_melanoxylon,22/03/2015,FALSE,-36.85027778,174.7677778,Acizzia
145_S118,145,2,16S_F,16S_R,25,55,KAPA 3G,NZ Psyllids/Martoni F.,Psyllidae,Acizzia,Acizzia_acaciae,Acacia_melanoxylon,28/03/2015,FALSE,-37.77055556,175.2505556,Acizzia
NSW1A_S64,NSW1A,1,16S_F,16S_R,25,55,KAPA 3G,NZ Psyllids/Martoni F.,Psyllidae,Acizzia,Acizzia_acaciaebaileyanae,Acacia_baileyana,4/11/2014,FALSE,-33.83305556,150.5486111,Acizzia
NSW1B_S65,NSW1B,1,16S_F,16S_R,25,55,KAPA 3G,NZ Psyllids/Martoni F.,Psyllidae,Acizzia,Acizzia_acaciaebaileyanae,Acacia_baileyana,4/11/2014,TRUE,-33.83305556,150.5486111,Acizzia
NSW1b_S172,NSW1B,2,16S_F,16S_R,25,55,KAPA 3G,NZ Psyllids/Martoni F.,Psyllidae,Acizzia,Acizzia_acaciaebaileyanae,Acacia_baileyana,4/11/2014,TRUE,-33.83305556,150.5486111,Acizzia
NSW1C_S66,NSW1C,1,16S_F,16S_R,25,55,KAPA 3G,NZ Psyllids/Martoni F.,Psyllidae,Acizzia,Acizzia_acaciaebaileyanae,Acacia_baileyana,4/11/2014,FALSE,-33.83305556,150.5486111,Acizzia
58_S55,58,2,16S_F,16S_R,25,55,KAPA 3G,NZ Psyllids/Martoni F.,Psyllidae,Acizzia,Acizzia_albizziae,Acacia_sp,23/01/2015,FALSE,-40.72666667,172.6886111,Acizzia
74_S66,74,2,16S_F,16S_R,25,55,KAPA 3G,NZ Psyllids/Martoni F.,Psyllidae,Acizzia,Acizzia_albizziae,Acacia_sp,17/02/2015,FALSE,-43.57083333,172.6238889,Acizzia
179_S143,179,2,16S_F,16S_R,25,55,KAPA 3G,NZ Psyllids/Martoni F.,Psyllidae,Acizzia,Acizzia_albizziae,Acacia_sp,17/04/2015,FALSE,-43.63472222,172.49,Acizzia
11A_S89,11A,1,16S_F,16S_R,25,55,KAPA 3G,NZ Psyllids/Martoni F.,Psyllidae,Acizzia,Acizzia_albizziae,Acacia_sp,19/09/2014,TRUE,-41.41805556,173.9647222,Acizzia
11B_S90,11B,1,16S_F,16S_R,25,55,KAPA 3G,NZ Psyllids/Martoni F.,Psyllidae,Acizzia,Acizzia_jucunda,Acacia_sp,19/09/2014,FALSE,-41.41805556,173.9647222,Acizzia
19B_S62,19B,1,16S_F,16S_R,25,55,KAPA 3G,NZ Psyllids/Martoni F.,Psyllidae,Acizzia,Acizzia_albizziae,Acacia_sp,24/09/2014,FALSE,-41.2575,172.8225,Acizzia
19VOUCHB_S18,19VOUCHB,2,16S_F,16S_R,25,55,KAPA 3G,NZ Psyllids/Martoni F.,Psyllidae,Acizzia,Acizzia_albizziae,Acacia_sp,24/09/2014,FALSE,-41.2575,172.8225,Acizzia
10_S10,10,2,16S_F,16S_R,25,55,KAPA 3G,NZ Psyllids/Martoni F.,Psyllidae,Acizzia,Acizzia_dodonaeae,Dodonaea_viscosa,19/09/2014,FALSE,-42.15555556,173.9238889,Acizzia
13_S12,13,2,16S_F,16S_R,25,55,KAPA 3G,NZ Psyllids/Martoni F.,Psyllidae,Acizzia,Acizzia_dodonaeae,Dodonaea_viscosa,21/09/2014,FALSE,-41.30555556,173.2841667,Acizzia
17_S15,17,2,16S_F,16S_R,25,55,KAPA 3G,NZ Psyllids/Martoni F.,Psyllidae,Acizzia,Acizzia_dodonaeae,Dodonaea_viscosa,22/09/2014,FALSE,-40.94805556,173.0419444,Acizzia
12A_S85,12A,1,16S_F,16S_R,25,55,KAPA 3G,NZ Psyllids/Martoni F.,Psyllidae,Acizzia,Acizzia_dodonaeae,Dodonaea_viscosa,19/09/2014,FALSE,-41.29111111,173.2344444,Acizzia
12B_S86,12B,1,16S_F,16S_R,25,55,KAPA 3G,NZ Psyllids/Martoni F.,Psyllidae,Acizzia,Acizzia_dodonaeae,Dodonaea_viscosa,19/09/2014,FALSE,-41.29111111,173.2344444,Acizzia
18A_S87,18A,1,16S_F,16S_R,25,55,KAPA 3G,NZ Psyllids/Martoni F.,Psyllidae,Acizzia,Acizzia_dodonaeae,Dodonaea_viscosa,23/09/2014,FALSE,-40.785,172.7263889,Acizzia
18B_S88,18B,1,16S_F,16S_R,25,55,KAPA 3G,NZ Psyllids/Martoni F.,Psyllidae,Acizzia,Acizzia_dodonaeae,Dodonaea_viscosa,23/09/2014,FALSE,-40.785,172.7263889,Acizzia
SI1_S178,SI1,2,16S_F,16S_R,25,55,KAPA 3G,NZ Psyllids/Martoni F.,Psyllidae,Acizzia,Acizzia_dodonaeae,Dodonaea_viscosa,14/10/2014,FALSE,-46.90027778,168.1208333,Acizzia
180_S144,180,2,16S_F,16S_R,25,55,KAPA 3G,NZ Psyllids/Martoni F.,Psyllidae,Acizzia,Acizzia_errabunda,Acacia_baileyana,17/07/2015,FALSE,-43.63416667,172.4866667,Acizzia
3_S2,3,2,16S_F,16S_R,25,55,KAPA 3G,NZ Psyllids/Martoni F.,Psyllidae,Acizzia,Acizzia_hakeae,Hakea_acicularis,1/09/2014,FALSE,-43.45805556,172.2063889,Acizzia
16_S14,16,2,16S_F,16S_R,25,55,KAPA 3G,NZ Psyllids/Martoni F.,Psyllidae,Acizzia,Acizzia_hakeae,Hakea_acicularis,22/09/2014,FALSE,-40.94805556,173.0419444,Acizzia
80_S70,80,2,16S_F,16S_R,25,55,KAPA 3G,NZ Psyllids/Martoni F.,Psyllidae,Acizzia,Acizzia_hakeae,Grevillea_sp,23/02/2015,FALSE,-44.40888889,171.2530556,Acizzia
11a_S11,11A,2,16S_F,16S_R,25,55,KAPA 3G,NZ Psyllids/Martoni F.,Psyllidae,Acizzia,Acizzia_jucunda,Acacia_sp,19/09/2014,TRUE,-41.41805556,173.9647222,Acizzia
19A_S61,19A,1,16S_F,16S_R,25,55,KAPA 3G,NZ Psyllids/Martoni F.,Psyllidae,Acizzia,Acizzia_jucunda,Acacia_sp,24/09/2014,TRUE,-41.2575,172.8225,Acizzia
19a_S16,19A,2,16S_F,16S_R,25,55,KAPA 3G,NZ Psyllids/Martoni F.,Psyllidae,Acizzia,Acizzia_jucunda,Acacia_sp,24/09/2014,TRUE,-41.2575,172.8225,Acizzia
19VOUCHA_S17,19VOUCHA,2,16S_F,16S_R,25,55,KAPA 3G,NZ Psyllids/Martoni F.,Psyllidae,Acizzia,Acizzia_jucunda,Acacia_sp,24/09/2014,FALSE,-41.2575,172.8225,Acizzia
19C_S63,19C,1,16S_F,16S_R,25,55,KAPA 3G,NZ Psyllids/Martoni F.,Psyllidae,Acizzia,Acizzia_jucunda,Acacia_sp,24/09/2014,FALSE,-41.2575,172.8225,Acizzia
116a_S95,116A,2,16S_F,16S_R,25,55,KAPA 3G,NZ Psyllids/Martoni F.,Psyllidae,Acizzia,Acizzia_solanicola,Solanum_tuberosum,6/03/2015,FALSE,-36.89944444,174.7819444,Acizzia
116b_S96,116B,2,16S_F,16S_R,25,55,KAPA 3G,NZ Psyllids/Martoni F.,Psyllidae,Acizzia,Acizzia_solanicola,Solanum_tuberosum,6/03/2015,FALSE,-36.89944444,174.7819444,Acizzia
65_S61,65,2,16S_F,16S_R,25,55,KAPA 3G,NZ Psyllids/Martoni F.,Psyllidae,Acizzia,Acizzia_uncatoides,Acacia_sp,30/01/2015,FALSE,-40.71472222,172.6802778,Acizzia
178_S142,178,2,16S_F,16S_R,25,55,KAPA 3G,NZ Psyllids/Martoni F.,Psyllidae,Acizzia,Acizzia_uncatoides,Acacia_sp,16/04/2015,FALSE,-43.80111111,172.9758333,Acizzia
181a_S145,181A,2,16S_F,16S_R,25,55,KAPA 3G,NZ Psyllids/Martoni F.,Psyllidae,Acizzia,Acizzia_uncatoides,Acacia_sp,17/07/2015,FALSE,-43.64361111,172.4686111,Acizzia
75a_S67,75A,2,16S_F,16S_R,25,55,KAPA 3G,NZ Psyllids/Martoni F.,Psyllidae,Acizzia,Acizzia_uncatoides,Acacia_sp,20/02/2015,FALSE,-43.64027778,172.4752778,Acizzia
VIC8A_S189,VIC8A,2,16S_F,16S_R,25,55,KAPA 3G,NZ Psyllids/Martoni F.,Psyllidae,Acizzia,Acizzia_uncatoides,Acacia_sp,12/11/2014,FALSE,-37.82861111,144.9758333,Acizzia
VIC8B_S190,VIC8B,2,16S_F,16S_R,25,55,KAPA 3G,NZ Psyllids/Martoni F.,Psyllidae,Acizzia,Acizzia_uncatoides,Acacia_sp,12/11/2014,FALSE,-37.82861111,144.9758333,Acizzia
SA1B_S173,SA1B,2,16S_F,16S_R,25,55,KAPA 3G,NZ Psyllids/Martoni F.,Aphalaridae,Anoeconeossa,Anoeconeossa_sp,Eucalyptus_sp,4/11/2014,FALSE,-34.95916667,138.6791667,Anoeconeossa
440a_S155,440a,3,16S_F,16S_R,25,55,KAPA 3G,NZ Psyllids/Martoni F.,Aphalaridae,Anomalopsylla,Anomalopsylla_insignita,Plagianthus_sp,23/10/2016,FALSE,-43.70305556,172.6916667,Anomalopsylla
440A_S156,440A,3,16S_F,16S_R,25,55,KAPA 3G,NZ Psyllids/Martoni F.,Aphalaridae,Anomalopsylla,Anomalopsylla_insignita,Plagianthus_sp,23/10/2016,FALSE,-43.70305556,172.6916667,Anomalopsylla
451A_S164,451A,3,16S_F,16S_R,25,55,KAPA 3G,NZ Psyllids/Martoni F.,Aphalaridae,Anomalopsylla,Anomalopsylla_insignita,Olearia_paniculata,30/10/2016,FALSE,-43.70305556,172.6916667,Anomalopsylla
455B_S169,455B,3,16S_F,16S_R,25,55,KAPA 3G,NZ Psyllids/Martoni F.,Aphalaridae,Anomalopsylla,Anomalopsylla_insignita,Olearia_paniculata,28/10/2016,FALSE,-43.70305556,172.6916667,Anomalopsylla
455b_S170,455b,3,16S_F,16S_R,25,55,KAPA 3G,NZ Psyllids/Martoni F.,Aphalaridae,Anomalopsylla,Anomalopsylla_insignita,Olearia_paniculata,28/10/2016,FALSE,-43.70305556,172.6916667,Anomalopsylla
35A_S82,35A,1,16S_F,16S_R,25,55,KAPA 3G,NZ Psyllids/Martoni F.,Aphalaridae,Anomalopsylla,Anomalopsylla_POLLEN_ISLAND,Olearia_odorata,14/09/2014,TRUE,-43.63083333,171.3005556,Anomalopsylla
35a_S36,35A,2,16S_F,16S_R,25,55,KAPA 3G,NZ Psyllids/Martoni F.,Aphalaridae,Anomalopsylla,Anomalopsylla_POLLEN_ISLAND,Olearia_odorata,14/09/2014,TRUE,-43.63083333,171.3005556,Anomalopsylla
35B_S83,35B,1,16S_F,16S_R,25,55,KAPA 3G,NZ Psyllids/Martoni F.,Aphalaridae,Anomalopsylla,Anomalopsylla_POLLEN_ISLAND,Olearia_odorata,14/09/2014,FALSE,-43.63083333,171.3005556,Anomalopsylla
35C_S84,35C,1,16S_F,16S_R,25,55,KAPA 3G,NZ Psyllids/Martoni F.,Aphalaridae,Anomalopsylla,Anomalopsylla_POLLEN_ISLAND,Olearia_odorata,14/09/2014,FALSE,-43.63083333,171.3005556,Anomalopsylla
195_S148,195,2,16S_F,16S_R,25,55,KAPA 3G,NZ Psyllids/Martoni F.,Psyllidae,Arytainilla,Arytainilla_spartiophila,Cytisus_scoparius,2/11/2015,FALSE,-43.59666667,172.3636111,Arytainilla
207_S154,207,2,16S_F,16S_R,25,55,KAPA 3G,NZ Psyllids/Martoni F.,Psyllidae,Arytainilla,Arytainilla_spartiophila,Cytisus_scoparius,9/11/2015,FALSE,-45.03666667,168.6605556,Arytainilla
248A_S126,248A,3,16S_F,16S_R,25,55,KAPA 3G,NZ Psyllids/Martoni F.,Calophyidae,Atmetocranium,Atmetocranium_myersi,Weinmannia_racemosa,4/01/2016,FALSE,-42.94944444,171.5813889,Atmetocranium
248B_S127,248B,3,16S_F,16S_R,25,55,KAPA 3G,NZ Psyllids/Martoni F.,Calophyidae,Atmetocranium,Atmetocranium_myersi,Weinmannia_racemosa,4/01/2016,FALSE,-42.94944444,171.5813889,Atmetocranium
70a_S64,70A,2,16S_F,16S_R,25,55,KAPA 3G,NZ Psyllids/Martoni F.,Triozidae,Bactericera,Bactericera_cockerelli,Solanum_tuberosum,3/02/2015,FALSE,-43.64027778,172.4752778,Bactericera
87_S74,87,2,16S_F,16S_R,25,55,KAPA 3G,NZ Psyllids/Martoni F.,Psyllidae,Baeopelma,Baeopelma_foersteri,Alnus_glutinosa,25/02/2015,FALSE,-46.42444444,168.3605556,Baeopelma
110_S91,110,2,16S_F,16S_R,25,55,KAPA 3G,NZ Psyllids/Martoni F.,Psyllidae,Baeopelma,Baeopelma_foersteri,Alnus_glutinosa,3/03/2015,FALSE,-44.25666667,170.0991667,Baeopelma
91_S167,blank,2,16S_F,16S_R,25,55,KAPA 3G,NZ Psyllids/Martoni F.,NA,NA,NA,NA,NA,FALSE,NA,NA,NA
137_S115,137,2,16S_F,16S_R,25,55,KAPA 3G,NZ Psyllids/Martoni F.,Aphalaridae,Blastopsylla,Blastopsylla_occidentalis,Eucalyptus_sp,26/03/2015,FALSE,-36.78166667,175.0091667,Blastopsylla
142_S116,142,2,16S_F,16S_R,25,55,KAPA 3G,NZ Psyllids/Martoni F.,Aphalaridae,Blastopsylla,Blastopsylla_occidentalis,Eucalyptus_sp,28/03/2015,FALSE,-37.79944444,175.2719444,Blastopsylla
117a_S97,117A,2,16S_F,16S_R,25,55,KAPA 3G,NZ Psyllids/Martoni F.,Calophyidae,Calophya,Calophya_schini,Schinus_molle,11/03/2015,FALSE,-43.53111111,172.6255556,Calophya
117b_S98,117B,2,16S_F,16S_R,25,55,KAPA 3G,NZ Psyllids/Martoni F.,Calophyidae,Calophya,Calophya_schini,Schinus_molle,11/03/2015,FALSE,-43.53111111,172.6255556,Calophya
150b_S121,150B,2,16S_F,16S_R,25,55,KAPA 3G,NZ Psyllids/Martoni F.,Triozidae,Casuarinicola,Casuarinicola_australis,Casuarina_sp,31/03/2015,FALSE,-35.75638889,174.3772222,Casuarinicola
SA3A_S174,SA3A,2,16S_F,16S_R,25,55,KAPA 3G,NZ Psyllids/Martoni F.,Triozidae,Casuarinicola,Casuarinicola_australis,Casuarina_sp,6/11/2014,FALSE,-34.95916667,138.6791667,Casuarinicola
125_S105,125,2,16S_F,16S_R,25,55,KAPA 3G,NZ Psyllids/Martoni F.,Triozidae,Casuarinicola,Casuarinicola_sp,Casuarina_sp,23/03/2015,FALSE,-36.90277778,174.7797222,Casuarinicola
147_S119,147,2,16S_F,16S_R,25,55,KAPA 3G,NZ Psyllids/Martoni F.,Triozidae,Casuarinicola,Casuarinicola_sp,Casuarina_sp,29/03/2015,FALSE,-37.22222222,175.6288889,Casuarinicola
SA8A_S177,SA8A,2,16S_F,16S_R,25,55,KAPA 3G,NZ Psyllids/Martoni F.,Triozidae,Casuarinicola,Casuarinicola_sp,Casuarina_sp,6/11/2014,FALSE,-34.95916667,138.6791667,Casuarinicola
SA6A_S176,SA6A,2,16S_F,16S_R,25,55,KAPA 3G,NZ Psyllids/Martoni F.,Aphalaridae,Cryptoneossa,Cryptoneossa_sp,Eucalyptus_sp,6/11/2014,FALSE,-34.95916667,138.6791667,Cryptoneossa
44_S42,44,2,16S_F,16S_R,25,55,KAPA 3G,NZ Psyllids/Martoni F.,Aphalaridae,Ctenarytaina,Ctenarytaina_clavata_sp_B,Kunzea_ericoides,23/10/2014,FALSE,-42.51833333,172.8213889,Ctenarytaina_NZ
152_S123,152,2,16S_F,16S_R,25,55,KAPA 3G,NZ Psyllids/Martoni F.,Aphalaridae,Ctenarytaina,Ctenarytaina_clavata_sp_A,Kunzea_ericoides,4/04/2015,FALSE,-43.22027778,171.7188889,Ctenarytaina_NZ
34a_S35,34A,2,16S_F,16S_R,25,55,KAPA 3G,NZ Psyllids/Martoni F.,Aphalaridae,Ctenarytaina,Ctenarytaina_clavata_sp_A,Kunzea_ericoides,14/09/2014,FALSE,-43.63083333,171.3005556,Ctenarytaina_NZ
2_S1,2,2,16S_F,16S_R,25,55,KAPA 3G,NZ Psyllids/Martoni F.,Aphalaridae,Ctenarytaina,Ctenarytaina_eucalypti,Eucalyptus_globulus,1/09/2014,FALSE,-43.45805556,172.2063889,Ctenarytaina_AUS
43_S41,43,2,16S_F,16S_R,25,55,KAPA 3G,NZ Psyllids/Martoni F.,Aphalaridae,Ctenarytaina,Ctenarytaina_eucalypti,Eucalyptus_globulus,23/10/2014,FALSE,-43.14944444,172.7294444,Ctenarytaina_AUS
78_S68,78,2,16S_F,16S_R,25,55,KAPA 3G,NZ Psyllids/Martoni F.,Aphalaridae,Ctenarytaina,Ctenarytaina_eucalypti,Eucalyptus_globulus,23/02/2015,FALSE,-44.12777778,171.3083333,Ctenarytaina_AUS
82_S72,82,2,16S_F,16S_R,25,55,KAPA 3G,NZ Psyllids/Martoni F.,Aphalaridae,Ctenarytaina,Ctenarytaina_eucalypti,Eucalyptus_globulus,24/02/2015,FALSE,-45.87805556,170.4891667,Ctenarytaina_AUS
89_S76,89,2,16S_F,16S_R,25,55,KAPA 3G,NZ Psyllids/Martoni F.,Aphalaridae,Ctenarytaina,Ctenarytaina_eucalypti,Eucalyptus_globulus,26/02/2015,FALSE,-46.43722222,168.3763889,Ctenarytaina_AUS
99_S82,99,2,16S_F,16S_R,25,55,KAPA 3G,NZ Psyllids/Martoni F.,Aphalaridae,Ctenarytaina,Ctenarytaina_eucalypti,Eucalyptus_globulus,27/02/2015,FALSE,-46.15722222,167.6855556,Ctenarytaina_AUS
105_S86,105,2,16S_F,16S_R,25,55,KAPA 3G,NZ Psyllids/Martoni F.,Aphalaridae,Ctenarytaina,Ctenarytaina_eucalypti,Eucalyptus_globulus,2/03/2015,FALSE,-45.42472222,167.7188889,Ctenarytaina_AUS
115_S94,115,2,16S_F,16S_R,25,55,KAPA 3G,NZ Psyllids/Martoni F.,Aphalaridae,Ctenarytaina,Ctenarytaina_eucalypti,Eucalyptus_globulus,2/03/2015,FALSE,-45.63694444,168.175,Ctenarytaina_AUS
165_S132,165,2,16S_F,16S_R,25,55,KAPA 3G,NZ Psyllids/Martoni F.,Aphalaridae,Ctenarytaina,Ctenarytaina_eucalypti,Eucalyptus_globulus,27/02/2015,FALSE,-43.64027778,172.4752778,Ctenarytaina_AUS
39A_S49,39A,1,16S_F,16S_R,25,55,KAPA 3G,NZ Psyllids/Martoni F.,Aphalaridae,Ctenarytaina,Ctenarytaina_eucalypti,Eucalyptus_globulus,23/10/2014,FALSE,-43.16,172.7308333,Ctenarytaina_AUS
39B_S50,39B,1,16S_F,16S_R,25,55,KAPA 3G,NZ Psyllids/Martoni F.,Aphalaridae,Ctenarytaina,Ctenarytaina_eucalypti,Eucalyptus_globulus,23/10/2014,FALSE,-43.16,172.7308333,Ctenarytaina_AUS
39C_S51,39C,1,16S_F,16S_R,25,55,KAPA 3G,NZ Psyllids/Martoni F.,Aphalaridae,Ctenarytaina,Ctenarytaina_eucalypti,Eucalyptus_globulus,23/10/2014,FALSE,-43.16,172.7308333,Ctenarytaina_AUS
42A_S52,42A,1,16S_F,16S_R,25,55,KAPA 3G,NZ Psyllids/Martoni F.,Aphalaridae,Ctenarytaina,Ctenarytaina_eucalypti,Eucalyptus_globulus,23/10/2014,FALSE,-42.77333333,172.8483333,Ctenarytaina_AUS
42B_S53,42B,1,16S_F,16S_R,25,55,KAPA 3G,NZ Psyllids/Martoni F.,Aphalaridae,Ctenarytaina,Ctenarytaina_eucalypti,Eucalyptus_globulus,23/10/2014,FALSE,-42.77333333,172.8483333,Ctenarytaina_AUS
42C_S54,42C,1,16S_F,16S_R,25,55,KAPA 3G,NZ Psyllids/Martoni F.,Aphalaridae,Ctenarytaina,Ctenarytaina_eucalypti,Eucalyptus_globulus,23/10/2014,FALSE,-42.77333333,172.8483333,Ctenarytaina_AUS
SA2A_S55,SA2A,1,16S_F,16S_R,25,55,KAPA 3G,NZ Psyllids/Martoni F.,Aphalaridae,Ctenarytaina,Ctenarytaina_eucalypti,Eucalyptus_globulus,4/11/2014,FALSE,-34.95916667,138.6791667,Ctenarytaina_AUS
SA2B_S56,SA2B,1,16S_F,16S_R,25,55,KAPA 3G,NZ Psyllids/Martoni F.,Aphalaridae,Ctenarytaina,Ctenarytaina_eucalypti,Eucalyptus_globulus,4/11/2014,FALSE,-34.95916667,138.6791667,Ctenarytaina_AUS
SA2C_S57,SA2C,1,16S_F,16S_R,25,55,KAPA 3G,NZ Psyllids/Martoni F.,Aphalaridae,Ctenarytaina,Ctenarytaina_eucalypti,Eucalyptus_globulus,4/11/2014,FALSE,-34.95916667,138.6791667,Ctenarytaina_AUS
SI10_S179,SI10,2,16S_F,16S_R,25,55,KAPA 3G,NZ Psyllids/Martoni F.,Aphalaridae,Ctenarytaina,Ctenarytaina_eucalypti,Eucalyptus_globulus,14/10/2014,FALSE,-46.90027778,168.1208333,Ctenarytaina_AUS
SI15_S181,SI15,2,16S_F,16S_R,25,55,KAPA 3G,NZ Psyllids/Martoni F.,Aphalaridae,Ctenarytaina,Ctenarytaina_eucalypti,Eucalyptus_globulus,14/10/2014,FALSE,-46.90027778,168.1208333,Ctenarytaina_AUS
VIC1A_S58,VIC1A,1,16S_F,16S_R,25,55,KAPA 3G,NZ Psyllids/Martoni F.,Aphalaridae,Ctenarytaina,Ctenarytaina_eucalypti,Eucalyptus_globulus,12/11/2014,FALSE,-37.82861111,144.9758333,Ctenarytaina_AUS
VIC1B_S59,VIC1B,1,16S_F,16S_R,25,55,KAPA 3G,NZ Psyllids/Martoni F.,Aphalaridae,Ctenarytaina,Ctenarytaina_eucalypti,Eucalyptus_globulus,12/11/2014,FALSE,-37.82861111,144.9758333,Ctenarytaina_AUS
VIC1C_S60,VIC1C,1,16S_F,16S_R,25,55,KAPA 3G,NZ Psyllids/Martoni F.,Aphalaridae,Ctenarytaina,Ctenarytaina_eucalypti,Eucalyptus_globulus,12/11/2014,TRUE,-37.82861111,144.9758333,Ctenarytaina_AUS
VIC1C_S188,VIC1C,2,16S_F,16S_R,25,55,KAPA 3G,NZ Psyllids/Martoni F.,Aphalaridae,Ctenarytaina,Ctenarytaina_eucalypti,Eucalyptus_globulus,12/11/2014,TRUE,-37.82861111,144.9758333,Ctenarytaina_AUS
56_S53,56,2,16S_F,16S_R,25,55,KAPA 3G,NZ Psyllids/Martoni F.,Aphalaridae,Ctenarytaina,Ctenarytaina_fuchsia_A,Fuchsia_excorticata,30/11/2014,FALSE,-43.63972222,172.4752778,Ctenarytaina_NZ
194_S147,194,2,16S_F,16S_R,25,55,KAPA 3G,NZ Psyllids/Martoni F.,Aphalaridae,Ctenarytaina,Ctenarytaina_fuchsia_A,Fuchsia_excorticata,25/10/2015,FALSE,-44.67194444,167.8922222,Ctenarytaina_NZ
220_S159,220,2,16S_F,16S_R,25,55,KAPA 3G,NZ Psyllids/Martoni F.,Aphalaridae,Ctenarytaina,Ctenarytaina_fuchsia_A,Fuchsia_excorticata,10/11/2015,FALSE,-44.12722222,169.3386111,Ctenarytaina_NZ
221_S160,221,2,16S_F,16S_R,25,55,KAPA 3G,NZ Psyllids/Martoni F.,Aphalaridae,Ctenarytaina,Ctenarytaina_fuchsia_A,Fuchsia_excorticata,10/11/2015,FALSE,-43.97083333,169.4166667,Ctenarytaina_NZ
224_S163,224,2,16S_F,16S_R,25,55,KAPA 3G,NZ Psyllids/Martoni F.,Aphalaridae,Ctenarytaina,Ctenarytaina_fuchsia_A,Fuchsia_excorticata,11/11/2015,FALSE,-43.43611111,170.0783333,Ctenarytaina_NZ
229_S164,229,2,16S_F,16S_R,25,55,KAPA 3G,NZ Psyllids/Martoni F.,Aphalaridae,Ctenarytaina,Ctenarytaina_fuchsia_A,Fuchsia_excorticata,11/11/2015,FALSE,-42.72444444,170.9852778,Ctenarytaina_NZ
237_S165,237,2,16S_F,16S_R,25,55,KAPA 3G,NZ Psyllids/Martoni F.,Aphalaridae,Ctenarytaina,Ctenarytaina_fuchsia_A,Fuchsia_excorticata,12/11/2015,FALSE,-41.50388889,171.9513889,Ctenarytaina_NZ
geraldineA_S168,geraldineA,2,16S_F,16S_R,25,55,KAPA 3G,NZ Psyllids/Martoni F.,Aphalaridae,Ctenarytaina,Ctenarytaina_fuchsia_A,Fuchsia_excorticata,1/09/2015,FALSE,-44.09555556,171.245,Ctenarytaina_NZ
geraldineB_S169,geraldineB,2,16S_F,16S_R,25,55,KAPA 3G,NZ Psyllids/Martoni F.,Aphalaridae,Ctenarytaina,Ctenarytaina_fuchsia_A,Fuchsia_excorticata,1/09/2015,FALSE,-44.09555556,171.245,Ctenarytaina_NZ
SI13B_S192,SI13B,2,16S_F,16S_R,25,55,KAPA 3G,NZ Psyllids/Martoni F.,Aphalaridae,Ctenarytaina,Ctenarytaina_fuchsia_A,Fuchsia_excorticata,14/10/2014,TRUE,-46.90027778,168.1208333,Ctenarytaina_NZ
SI16_S182,SI16,2,16S_F,16S_R,25,55,KAPA 3G,NZ Psyllids/Martoni F.,Aphalaridae,Ctenarytaina,Ctenarytaina_fuchsia_A,Fuchsia_excorticata,14/10/2014,FALSE,-46.90027778,168.1208333,Ctenarytaina_NZ
SI22_S184,SI22,2,16S_F,16S_R,25,55,KAPA 3G,NZ Psyllids/Martoni F.,Aphalaridae,Ctenarytaina,Ctenarytaina_fuchsia_A,Fuchsia_excorticata,6/11/2014,FALSE,-46.90027778,168.1208333,Ctenarytaina_NZ
SI7_S185,SI7,2,16S_F,16S_R,25,55,KAPA 3G,NZ Psyllids/Martoni F.,Aphalaridae,Ctenarytaina,Ctenarytaina_fuchsia_A,Fuchsia_excorticata,6/11/2014,FALSE,-46.90027778,168.1208333,Ctenarytaina_NZ
SignOfBellbird_S26,Sign of Bellbird,2,16S_F,16S_R,25,55,KAPA 3G,NZ Psyllids/Martoni F.,Aphalaridae,Ctenarytaina,Ctenarytaina_fuchsia_A,Fuchsia_excorticata,1/09/2015,FALSE,-43.63277778,172.6266667,Ctenarytaina_NZ
TeOkaA_S170,TeOkaA,2,16S_F,16S_R,25,55,KAPA 3G,NZ Psyllids/Martoni F.,Aphalaridae,Ctenarytaina,Ctenarytaina_fuchsia_A,Fuchsia_excorticata,1/09/2015,FALSE,-43.82694444,172.7183333,Ctenarytaina_NZ
TeOkaB_S171,TeOkaB,2,16S_F,16S_R,25,55,KAPA 3G,NZ Psyllids/Martoni F.,Aphalaridae,Ctenarytaina,Ctenarytaina_fuchsia_A,Fuchsia_excorticata,1/09/2015,FALSE,-43.82694444,172.7183333,Ctenarytaina_NZ
SI13A_S70,SI13A,1,16S_F,16S_R,25,55,KAPA 3G,NZ Psyllids/Martoni F.,Aphalaridae,Ctenarytaina,Ctenarytaina_fuchsia_A,Fuchsia_excorticata,14/10/2014,FALSE,-46.90027778,168.1208333,Ctenarytaina_NZ
SI13B_S71,SI13B,1,16S_F,16S_R,25,55,KAPA 3G,NZ Psyllids/Martoni F.,Aphalaridae,Ctenarytaina,Ctenarytaina_fuchsia_A,Fuchsia_excorticata,14/10/2014,TRUE,-46.90027778,168.1208333,Ctenarytaina_NZ
9A_S67,9A,1,16S_F,16S_R,25,55,KAPA 3G,NZ Psyllids/Martoni F.,Aphalaridae,Ctenarytaina,Ctenarytaina_fuchsia_B,Fuchsia_excorticata,19/09/2014,FALSE,-42.28472222,173.7608333,Ctenarytaina_NZ
9B_S68,9B,1,16S_F,16S_R,25,55,KAPA 3G,NZ Psyllids/Martoni F.,Aphalaridae,Ctenarytaina,Ctenarytaina_fuchsia_B,Fuchsia_excorticata,19/09/2014,FALSE,-42.28472222,173.7608333,Ctenarytaina_NZ
9C_S69,9C,1,16S_F,16S_R,25,55,KAPA 3G,NZ Psyllids/Martoni F.,Aphalaridae,Ctenarytaina,Ctenarytaina_fuchsia_B,Fuchsia_excorticata,19/09/2014,FALSE,-42.28472222,173.7608333,Ctenarytaina_NZ
9d_S6,9D,2,16S_F,16S_R,25,55,KAPA 3G,NZ Psyllids/Martoni F.,Aphalaridae,Ctenarytaina,Ctenarytaina_fuchsia_B,Fuchsia_excorticata,19/09/2014,FALSE,-42.28472222,173.7608333,Ctenarytaina_NZ
9e_S7,9E,2,16S_F,16S_R,25,55,KAPA 3G,NZ Psyllids/Martoni F.,Aphalaridae,Ctenarytaina,Ctenarytaina_fuchsia_B,Fuchsia_excorticata,19/09/2014,FALSE,-42.28472222,173.7608333,Ctenarytaina_NZ
9f_S8,9F,2,16S_F,16S_R,25,55,KAPA 3G,NZ Psyllids/Martoni F.,Aphalaridae,Ctenarytaina,Ctenarytaina_fuchsia_B,Fuchsia_excorticata,19/09/2014,FALSE,-42.28472222,173.7608333,Ctenarytaina_NZ
9g_S9,9G,2,16S_F,16S_R,25,55,KAPA 3G,NZ Psyllids/Martoni F.,Aphalaridae,Ctenarytaina,Ctenarytaina_fuchsia_B,Fuchsia_excorticata,19/09/2014,FALSE,-42.28472222,173.7608333,Ctenarytaina_NZ
127a_S106,127A,2,16S_F,16S_R,25,55,KAPA 3G,NZ Psyllids/Martoni F.,Aphalaridae,Ctenarytaina,Ctenarytaina_insularis,Eucalyptus_sp,23/03/2015,FALSE,-36.87388889,174.7291667,Ctenarytaina_AUS
124_S104,124,2,16S_F,16S_R,25,55,KAPA 3G,NZ Psyllids/Martoni F.,Aphalaridae,Ctenarytaina,Ctenarytaina_longicauda,Lophostemon_confertus,22/03/2015,FALSE,-36.86138889,174.7755556,Ctenarytaina_AUS
131a_S107,131A,2,16S_F,16S_R,25,55,KAPA 3G,NZ Psyllids/Martoni F.,Aphalaridae,Ctenarytaina,Ctenarytaina_longicauda,Lophostemon_confertus,25/03/2015,FALSE,-37.00777778,174.9061111,Ctenarytaina_AUS
131b_S108,131B,2,16S_F,16S_R,25,55,KAPA 3G,NZ Psyllids/Martoni F.,Aphalaridae,Ctenarytaina,Ctenarytaina_longicauda,Lophostemon_confertus,25/03/2015,FALSE,-37.00777778,174.9061111,Ctenarytaina_AUS
175VOUCHA_S141,175 voucher A,2,16S_F,16S_R,25,55,KAPA 3G,NZ Psyllids/Martoni F.,Aphalaridae,Ctenarytaina,Ctenarytaina_pollicaris,Leptospermum_scoparius,16/04/2015,FALSE,-43.80972222,173.0241667,Ctenarytaina_NZ
24A_S72,24A,1,16S_F,16S_R,25,55,KAPA 3G,NZ Psyllids/Martoni F.,Aphalaridae,Ctenarytaina,Ctenarytaina_pollicaris,Leptospermum_scoparius,14/09/2014,TRUE,-43.65388889,172.8122222,Ctenarytaina_NZ
24a_S22,24A,2,16S_F,16S_R,25,55,KAPA 3G,NZ Psyllids/Martoni F.,Aphalaridae,Ctenarytaina,Ctenarytaina_pollicaris,Leptospermum_scoparius,14/09/2014,TRUE,-43.65388889,172.8122222,Ctenarytaina_NZ
24B_S73,24B,1,16S_F,16S_R,25,55,KAPA 3G,NZ Psyllids/Martoni F.,Aphalaridae,Ctenarytaina,Ctenarytaina_pollicaris,Leptospermum_scoparius,14/09/2014,TRUE,-43.65388889,172.8122222,Ctenarytaina_NZ
24b_S23,24B,2,16S_F,16S_R,25,55,KAPA 3G,NZ Psyllids/Martoni F.,Aphalaridae,Ctenarytaina,Ctenarytaina_pollicaris,Leptospermum_scoparius,14/09/2014,TRUE,-43.65388889,172.8122222,Ctenarytaina_NZ
24C_S74,24C,1,16S_F,16S_R,25,55,KAPA 3G,NZ Psyllids/Martoni F.,Aphalaridae,Ctenarytaina,Ctenarytaina_pollicaris,Leptospermum_scoparius,14/09/2014,TRUE,-43.65388889,172.8122222,Ctenarytaina_NZ
24c_S24,24C,2,16S_F,16S_R,25,55,KAPA 3G,NZ Psyllids/Martoni F.,Aphalaridae,Ctenarytaina,Ctenarytaina_pollicaris,Leptospermum_scoparius,14/09/2014,TRUE,-43.65388889,172.8122222,Ctenarytaina_NZ
31A_S75,31A,1,16S_F,16S_R,25,55,KAPA 3G,NZ Psyllids/Martoni F.,Aphalaridae,Ctenarytaina,Ctenarytaina_pollicaris,Leptospermum_scoparius,14/09/2014,TRUE,-43.81888889,172.7786111,Ctenarytaina_NZ
31a_S31,31A,2,16S_F,16S_R,25,55,KAPA 3G,NZ Psyllids/Martoni F.,Aphalaridae,Ctenarytaina,Ctenarytaina_pollicaris,Leptospermum_scoparius,14/09/2014,TRUE,-43.81888889,172.7786111,Ctenarytaina_NZ
31B_S76,31B,1,16S_F,16S_R,25,55,KAPA 3G,NZ Psyllids/Martoni F.,Aphalaridae,Ctenarytaina,Ctenarytaina_pollicaris,Leptospermum_scoparius,14/09/2014,TRUE,-43.81888889,172.7786111,Ctenarytaina_NZ
31b_S32,31B,2,16S_F,16S_R,25,55,KAPA 3G,NZ Psyllids/Martoni F.,Aphalaridae,Ctenarytaina,Ctenarytaina_pollicaris,Leptospermum_scoparius,14/09/2014,TRUE,-43.81888889,172.7786111,Ctenarytaina_NZ
41_S40,41,2,16S_F,16S_R,25,55,KAPA 3G,NZ Psyllids/Martoni F.,Aphalaridae,Ctenarytaina,Ctenarytaina_SHORT,Kunzea_ericoides,23/10/2014,FALSE,-42.77333333,172.8483333,Ctenarytaina_NZ
164_S131,164,2,16S_F,16S_R,25,55,KAPA 3G,NZ Psyllids/Martoni F.,Aphalaridae,Ctenarytaina,Ctenarytaina_SHORT,Kunzea_ericoides,29/03/2015,FALSE,-43.775,172.7777778,Ctenarytaina_NZ
172_S137,172,2,16S_F,16S_R,25,55,KAPA 3G,NZ Psyllids/Martoni F.,Aphalaridae,Ctenarytaina,Ctenarytaina_SHORT,Kunzea_ericoides,16/04/2015,FALSE,-43.80972222,173.0241667,Ctenarytaina_NZ
175_S140,175,2,16S_F,16S_R,25,55,KAPA 3G,NZ Psyllids/Martoni F.,Aphalaridae,Ctenarytaina,Ctenarytaina_SHORT,Kunzea_ericoides,16/04/2015,FALSE,-43.80972222,173.0241667,Ctenarytaina_NZ
23A_S77,23A,1,16S_F,16S_R,25,55,KAPA 3G,NZ Psyllids/Martoni F.,Aphalaridae,Ctenarytaina,Ctenarytaina_SHORT,Kunzea_ericoides,14/09/2014,TRUE,-43.65388889,172.8122222,Ctenarytaina_NZ
23a_S19,23A,2,16S_F,16S_R,25,55,KAPA 3G,NZ Psyllids/Martoni F.,Aphalaridae,Ctenarytaina,Ctenarytaina_SHORT,Kunzea_ericoides,14/09/2014,TRUE,-43.65388889,172.8122222,Ctenarytaina_NZ
23B_S78,23B,1,16S_F,16S_R,25,55,KAPA 3G,NZ Psyllids/Martoni F.,Aphalaridae,Ctenarytaina,Ctenarytaina_SHORT,Kunzea_ericoides,14/09/2014,TRUE,-43.65388889,172.8122222,Ctenarytaina_NZ
23b_S20,23B,2,16S_F,16S_R,25,55,KAPA 3G,NZ Psyllids/Martoni F.,Aphalaridae,Ctenarytaina,Ctenarytaina_SHORT,Kunzea_ericoides,14/09/2014,TRUE,-43.65388889,172.8122222,Ctenarytaina_NZ
23C_S79,23C,1,16S_F,16S_R,25,55,KAPA 3G,NZ Psyllids/Martoni F.,Aphalaridae,Ctenarytaina,Ctenarytaina_SHORT,Kunzea_ericoides,14/09/2014,TRUE,-43.65388889,172.8122222,Ctenarytaina_NZ
23c_S21,23C,2,16S_F,16S_R,25,55,KAPA 3G,NZ Psyllids/Martoni F.,Aphalaridae,Ctenarytaina,Ctenarytaina_SHORT,Kunzea_ericoides,14/09/2014,TRUE,-43.65388889,172.8122222,Ctenarytaina_NZ
33A_S80,33A,1,16S_F,16S_R,25,55,KAPA 3G,NZ Psyllids/Martoni F.,Aphalaridae,Ctenarytaina,Ctenarytaina_SHORT,Kunzea_ericoides,14/09/2014,TRUE,-43.63083333,171.3005556,Ctenarytaina_NZ
33a_S33,33A,2,16S_F,16S_R,25,55,KAPA 3G,NZ Psyllids/Martoni F.,Aphalaridae,Ctenarytaina,Ctenarytaina_SHORT,Kunzea_ericoides,14/09/2014,TRUE,-43.63083333,171.3005556,Ctenarytaina_NZ
33B_S81,33B,1,16S_F,16S_R,25,55,KAPA 3G,NZ Psyllids/Martoni F.,Aphalaridae,Ctenarytaina,Ctenarytaina_SHORT,Kunzea_ericoides,14/09/2014,TRUE,-43.63083333,171.3005556,Ctenarytaina_NZ
33b_S34,33B,2,16S_F,16S_R,25,55,KAPA 3G,NZ Psyllids/Martoni F.,Aphalaridae,Ctenarytaina,Ctenarytaina_SHORT,Kunzea_ericoides,14/09/2014,TRUE,-43.63083333,171.3005556,Ctenarytaina_NZ
SI17_S183,SI17,2,16S_F,16S_R,25,55,KAPA 3G,NZ Psyllids/Martoni F.,Aphalaridae,Ctenarytaina,Ctenarytaina_sp_B,Fuchsia_excorticata,5/11/2015,FALSE,-46.90027778,168.1208333,Ctenarytaina_NZ
SI9_S187,SI9,2,16S_F,16S_R,25,55,KAPA 3G,NZ Psyllids/Martoni F.,Aphalaridae,Ctenarytaina,Ctenarytaina_sp_B,Leptospermum_scoparius,6/11/2014,FALSE,-46.90027778,168.1208333,Ctenarytaina_NZ
14_S13,14,2,16S_F,16S_R,25,55,KAPA 3G,NZ Psyllids/Martoni F.,Aphalaridae,Ctenarytaina,Ctenarytaina_sp_A,Olearia_paniculata,21/09/2014,FALSE,-41.30555556,173.2841667,Ctenarytaina_NZ
28_S27,28,2,16S_F,16S_R,25,55,KAPA 3G,NZ Psyllids/Martoni F.,Aphalaridae,Ctenarytaina,Ctenarytaina_spatulata,Eucalyptus_sp,14/09/2014,FALSE,-43.65388889,172.8122222,Ctenarytaina_AUS
52_S49,52,2,16S_F,16S_R,25,55,KAPA 3G,NZ Psyllids/Martoni F.,Aphalaridae,Ctenarytaina,Ctenarytaina_spatulata,Eucalyptus_sp,27/11/2014,FALSE,-43.63972222,172.4752778,Ctenarytaina_AUS
79_S69,79,2,16S_F,16S_R,25,55,KAPA 3G,NZ Psyllids/Martoni F.,Aphalaridae,Ctenarytaina,Ctenarytaina_spatulata,Eucalyptus_sp,23/02/2015,FALSE,-44.40888889,171.2530556,Ctenarytaina_AUS
101_S83,101,2,16S_F,16S_R,25,55,KAPA 3G,NZ Psyllids/Martoni F.,Aphalaridae,Ctenarytaina,Ctenarytaina_spatulata,Eucalyptus_sp,28/02/2015,FALSE,-45.79833333,167.5466667,Ctenarytaina_AUS
108_S89,108,2,16S_F,16S_R,25,55,KAPA 3G,NZ Psyllids/Martoni F.,Aphalaridae,Ctenarytaina,Ctenarytaina_spatulata,Eucalyptus_sp,2/03/2015,FALSE,-45.41583333,167.7105556,Ctenarytaina_AUS
109_S90,109,2,16S_F,16S_R,25,55,KAPA 3G,NZ Psyllids/Martoni F.,Aphalaridae,Ctenarytaina,Ctenarytaina_spatulata,Eucalyptus_sp,2/03/2015,FALSE,-45.63694444,168.175,Ctenarytaina_AUS
136_S114,136,2,16S_F,16S_R,25,55,KAPA 3G,NZ Psyllids/Martoni F.,Aphalaridae,Ctenarytaina,Ctenarytaina_spatulata,Eucalyptus_sp,26/03/2015,FALSE,-36.78166667,175.0091667,Ctenarytaina_AUS
143_S117,143,2,16S_F,16S_R,25,55,KAPA 3G,NZ Psyllids/Martoni F.,Aphalaridae,Ctenarytaina,Ctenarytaina_spatulata,Eucalyptus_sp,28/03/2015,FALSE,-37.79944444,175.2719444,Ctenarytaina_AUS
8b_S5,8B,2,16S_F,16S_R,25,55,KAPA 3G,NZ Psyllids/Martoni F.,Aphalaridae,Ctenarytaina,Ctenarytaina_spatulata,Eucalyptus_sp,18/09/2014,FALSE,-42.96444444,172.9677778,Ctenarytaina_AUS
SI8_S186,SI8,2,16S_F,16S_R,25,55,KAPA 3G,NZ Psyllids/Martoni F.,Aphalaridae,Ctenarytaina,Ctenarytaina_spatulata,Eucalyptus_sp,6/11/2014,FALSE,-46.90027778,168.1208333,Ctenarytaina_AUS
81_S71,81,2,16S_F,16S_R,25,55,KAPA 3G,NZ Psyllids/Martoni F.,Aphalaridae,Ctenarytaina,Ctenarytaina_thysanura,Eucalyptus_sp,23/02/2015,FALSE,-44.40888889,171.2530556,Ctenarytaina_AUS
SA5A_S175,SA5A,2,16S_F,16S_R,25,55,KAPA 3G,NZ Psyllids/Martoni F.,Aphalaridae,Eucalyptolyma,Eucalyptolyma_maideni,Eucalyptus_sp,4/11/2014,FALSE,-34.95916667,138.6791667,Eucalyptolyma
135a_S113,135A,2,16S_F,16S_R,25,55,KAPA 3G,NZ Psyllids/Martoni F.,Aphalaridae,Glycaspis,Glycaspis_granulata,Eucalyptus_sp,26/03/2015,FALSE,-36.78166667,175.0091667,Glycaspis
mockA_S51,mockA,2,16S_F,16S_R,25,55,KAPA 3G,NZ Psyllids/Martoni F.,NA,NA,NA,NA,NA,FALSE,NA,NA,NA
122_S102,122,2,16S_F,16S_R,25,55,KAPA 3G,NZ Psyllids/Martoni F.,Carsidaridae,Mycopsylla,Mycopsylla_fici,Ficus_macrophylla,22/03/2015,FALSE,-36.85027778,174.7677778,Mycopsylla
134a_S111,134A,2,16S_F,16S_R,25,55,KAPA 3G,NZ Psyllids/Martoni F.,Carsidaridae,Mycopsylla,Mycopsylla_fici,Ficus_macrophylla,26/03/2015,FALSE,-36.85555556,174.7619444,Mycopsylla
134b_S112,134B,2,16S_F,16S_R,25,55,KAPA 3G,NZ Psyllids/Martoni F.,Carsidaridae,Mycopsylla,Mycopsylla_fici,Ficus_macrophylla,26/03/2015,FALSE,-36.85555556,174.7619444,Mycopsylla
MockEven_S193,MockEven,2,16S_F,16S_R,25,55,KAPA 3G,NZ Psyllids/Martoni F.,NA,NA,NA,NA,NA,FALSE,NA,NA,NA
MockStaggered_S194,MockStaggered,2,16S_F,16S_R,25,55,KAPA 3G,NZ Psyllids/Martoni F.,NA,NA,NA,NA,NA,FALSE,NA,NA,NA
187_S146,187,2,16S_F,16S_R,25,55,KAPA 3G,NZ Psyllids/Martoni F.,Psyllidae,Psylla,Psylla_apicalis,Sophora_microphylla,1/09/2015,FALSE,-43.52277778,172.5852778,Psylla
200big_S149,200big,2,16S_F,16S_R,25,55,KAPA 3G,NZ Psyllids/Martoni F.,Psyllidae,Psylla,Psylla_apicalis,Sophora_microphylla,2/11/2015,FALSE,-45.08694444,170.9752778,Psylla
201big_S151,201big,2,16S_F,16S_R,25,55,KAPA 3G,NZ Psyllids/Martoni F.,Psyllidae,Psylla,Psylla_apicalis,Sophora_microphylla,8/11/2015,FALSE,-46.41583333,168.3625,Psylla
206_S153,206,2,16S_F,16S_R,25,55,KAPA 3G,NZ Psyllids/Martoni F.,Psyllidae,Psylla,Psylla_apicalis,Sophora_microphylla,9/11/2015,FALSE,-45.03666667,168.6605556,Psylla
26_S25,26,2,16S_F,16S_R,25,55,KAPA 3G,NZ Psyllids/Martoni F.,Psyllidae,Psylla,Psylla_carmichaeliae_A,Carmichaelia_sp,14/09/2014,FALSE,-43.65388889,172.8122222,Psylla
22A_S91,22A,1,16S_F,16S_R,25,55,KAPA 3G,NZ Psyllids/Martoni F.,Psyllidae,Psylla,Psylla_carmichaeliae_A,Carmichaelia_sp,14/09/2014,FALSE,-43.77833333,172.7861111,Psylla
22B_S92,22B,1,16S_F,16S_R,25,55,KAPA 3G,NZ Psyllids/Martoni F.,Psyllidae,Psylla,Psylla_carmichaeliae_A,Carmichaelia_sp,14/09/2014,FALSE,-43.77833333,172.7861111,Psylla
222_S161,222,2,16S_F,16S_R,25,55,KAPA 3G,NZ Psyllids/Martoni F.,Psyllidae,Psylla,Psylla_carmichaeliae_C,Carmichaelia_sp,10/11/2015,FALSE,-43.75083333,169.3869444,Psylla
223_S162,223,2,16S_F,16S_R,25,55,KAPA 3G,NZ Psyllids/Martoni F.,Psyllidae,Psylla,Psylla_carmichaeliae_C,Carmichaelia_sp,10/11/2015,FALSE,-43.565,169.7702778,Psylla
212_S156,212,2,16S_F,16S_R,25,55,KAPA 3G,NZ Psyllids/Martoni F.,Psyllidae,Psylla,Psylla_carmichaeliae_E,Carmichaelia_petri,9/11/2015,FALSE,-44.95527778,169.2641667,Psylla
213_S157,213,2,16S_F,16S_R,25,55,KAPA 3G,NZ Psyllids/Martoni F.,Psyllidae,Psylla,Psylla_carmichaeliae_E,Carmichaelia_petri,9/11/2015,FALSE,-45.03416667,169.1997222,Psylla
217_S158,217,2,16S_F,16S_R,25,55,KAPA 3G,NZ Psyllids/Martoni F.,Psyllidae,Psylla,Psylla_carmichaeliae_E,Carmichaelia_petri,10/11/2015,FALSE,-44.97472222,168.9483333,Psylla
55_S52,55,2,16S_F,16S_R,25,55,KAPA 3G,NZ Psyllids/Martoni F.,Psyllidae,Psylla,Psylla_frodobagginsi,Sophora_microphylla,30/11/2014,FALSE,-43.63972222,172.4752778,Psylla
200small_S150,200small,2,16S_F,16S_R,25,55,KAPA 3G,NZ Psyllids/Martoni F.,Psyllidae,Psylla,Psylla_frodobagginsi,Sophora_microphylla,2/11/2015,FALSE,-45.08694444,170.9752778,Psylla
201small_S152,201small,2,16S_F,16S_R,25,55,KAPA 3G,NZ Psyllids/Martoni F.,Psyllidae,Psylla,Psylla_frodobagginsi,Sophora_microphylla,8/11/2015,FALSE,-46.41583333,168.3625,Psylla
209_S155,209,2,16S_F,16S_R,25,55,KAPA 3G,NZ Psyllids/Martoni F.,Psyllidae,Psylla,Psylla_frodobagginsi,Sophora_microphylla,9/11/2015,FALSE,-45.03583333,169.1925,Psylla
238_S166,238,2,16S_F,16S_R,25,55,KAPA 3G,NZ Psyllids/Martoni F.,Psyllidae,Psylla,Psylla_frodobagginsi,Sophora_microphylla_(kowhai),12/11/2015,FALSE,-41.25805556,172.1166667,Psylla
94_S80,94,2,16S_F,16S_R,25,55,KAPA 3G,NZ Psyllids/Martoni F.,Liviidae,Psyllopsis,Psyllopsis_fraxini,Fraxinus_excelsior,26/02/2015,FALSE,-46.40194444,168.3563889,Psyllopsis
107_S88,107,2,16S_F,16S_R,25,55,KAPA 3G,NZ Psyllids/Martoni F.,Liviidae,Psyllopsis,Psyllopsis_fraxini,Fraxinus_excelsior,2/03/2015,FALSE,-45.41583333,167.7105556,Psyllopsis
113_S93,113,2,16S_F,16S_R,25,55,KAPA 3G,NZ Psyllids/Martoni F.,Liviidae,Psyllopsis,Psyllopsis_fraxini,Fraxinus_excelsior,4/03/2015,FALSE,-44.30972222,170.9527778,Psyllopsis
49_S47,49,2,16S_F,16S_R,25,55,KAPA 3G,NZ Psyllids/Martoni F.,Liviidae,Psyllopsis,Psyllopsis_fraxinicola,Fraxinus_excelsior,27/11/2014,FALSE,-43.63972222,172.4752778,Psyllopsis
93_S79,93,2,16S_F,16S_R,25,55,KAPA 3G,NZ Psyllids/Martoni F.,Liviidae,Psyllopsis,Psyllopsis_fraxinicola,Fraxinus_excelsior,26/02/2015,FALSE,-46.40194444,168.3563889,Psyllopsis
106_S87,106,2,16S_F,16S_R,25,55,KAPA 3G,NZ Psyllids/Martoni F.,Liviidae,Psyllopsis,Psyllopsis_fraxinicola,Fraxinus_excelsior,2/03/2015,FALSE,-45.41583333,167.7105556,Psyllopsis
112_S92,112,2,16S_F,16S_R,25,55,KAPA 3G,NZ Psyllids/Martoni F.,Liviidae,Psyllopsis,Psyllopsis_fraxinicola,Fraxinus_excelsior,4/03/2015,FALSE,-44.30972222,170.9527778,Psyllopsis
45_S43,45,2,16S_F,16S_R,25,55,KAPA 3G,NZ Psyllids/Martoni F.,Triozidae,Powellia,Powellia_acuta,Unknown,23/10/2014,FALSE,-42.51722222,172.8161111,Trioza
5b_S4,5B,2,16S_F,16S_R,25,55,KAPA 3G,NZ Psyllids/Martoni F.,Triozidae,Powellia,Powellia_acuta,Ozothamnus_sp,1/09/2014,FALSE,-43.29666667,171.7369444,Trioza
118a_S99,118A,2,16S_F,16S_R,25,55,KAPA 3G,NZ Psyllids/Martoni F.,Triozidae,Trioza,Trioza_adventicia,Syzygium_smithii,11/03/2015,FALSE,-43.53083333,172.625,Trioza
174_S139,174,2,16S_F,16S_R,25,55,KAPA 3G,NZ Psyllids/Martoni F.,Triozidae,Powellia,Powellia_bifida,Olearia_fragmentissima,16/04/2015,FALSE,-43.80972222,173.0241667,Trioza
29A_S95,29A,1,16S_F,16S_R,25,55,KAPA 3G,NZ Psyllids/Martoni F.,Triozidae,Powellia,Powellia_bifida,Pseudowintera_colorata,14/09/2014,TRUE,-43.71416667,172.7833333,Trioza
29a_S28,29A,2,16S_F,16S_R,25,55,KAPA 3G,NZ Psyllids/Martoni F.,Triozidae,Powellia,Powellia_bifida,Pseudowintera_colorata,14/09/2014,TRUE,-43.71416667,172.7833333,Trioza
29B_S96,29B,1,16S_F,16S_R,25,55,KAPA 3G,NZ Psyllids/Martoni F.,Triozidae,Powellia,Powellia_bifida,Pseudowintera_colorata,14/09/2014,TRUE,-43.71416667,172.7833333,Trioza
29b_S29,29B,2,16S_F,16S_R,25,55,KAPA 3G,NZ Psyllids/Martoni F.,Triozidae,Powellia,Powellia_bifida,Pseudowintera_colorata,14/09/2014,TRUE,-43.71416667,172.7833333,Trioza
SI12_S180,SI12,2,16S_F,16S_R,25,55,KAPA 3G,NZ Psyllids/Martoni F.,Triozidae,Powellia,Powellia_bifida,Fuchsia_excorticata,14/10/2014,FALSE,-46.90027778,168.1208333,Trioza
SI3B_S191,SI3B,2,16S_F,16S_R,25,55,KAPA 3G,NZ Psyllids/Martoni F.,Triozidae,Powellia,Powellia_bifida,Dracophyllum_sp,14/10/2014,FALSE,-46.90027778,168.1208333,Trioza
91_S78,91,2,16S_F,16S_R,25,55,KAPA 3G,NZ Psyllids/Martoni F.,Triozidae,Powellia,Powellia_BRENDA_MAY,Olearia_ilicifolia,26/02/2015,FALSE,-46.57222222,169.3466667,Trioza
276_S138,276,3,16S_F,16S_R,25,55,KAPA 3G,NZ Psyllids/Martoni F.,Triozidae,Powellia,Powellia_BRENDA_MAY,Olearia_sp,6/02/2016,FALSE,-44.1825,169.0086111,Trioza
414_S143,414,3,16S_F,16S_R,25,55,KAPA 3G,NZ Psyllids/Martoni F.,Triozidae,Powellia,Powellia_colorata,Halocarpus_sp,29/03/2016,FALSE,-41.80666667,172.8563889,Trioza
46A_S93,46A,1,16S_F,16S_R,25,55,KAPA 3G,NZ Psyllids/Martoni F.,Triozidae,Powellia,Powellia_colorata,Halocarpus_sp,27/10/2014,TRUE,-43.02916667,171.6294444,Trioza
46a_S44,46A,2,16S_F,16S_R,25,55,KAPA 3G,NZ Psyllids/Martoni F.,Triozidae,Powellia,Powellia_colorata,Halocarpus_sp,27/10/2014,TRUE,-43.02916667,171.6294444,Trioza
46B_S94,46B,1,16S_F,16S_R,25,55,KAPA 3G,NZ Psyllids/Martoni F.,Triozidae,Powellia,Powellia_colorata,Halocarpus_sp,27/10/2014,FALSE,-43.02916667,171.6294444,Trioza
50a_S48,50A,2,16S_F,16S_R,25,55,KAPA 3G,NZ Psyllids/Martoni F.,Triozidae,Powellia,Powellia_colorata,Halocarpus_sp,23/11/2014,FALSE,-43.63972222,172.4752778,Trioza
260_S130,260,3,16S_F,16S_R,25,55,KAPA 3G,NZ Psyllids/Martoni F.,Triozidae,Powellia,Powellia_compressa,Olearia_rani_var_colorata,24/01/2016,FALSE,-41.09305556,172.7213889,Trioza
473A_S184,473A,3,16S_F,16S_R,25,55,KAPA 3G,NZ Psyllids/Martoni F.,Triozidae,Powellia,Powellia_compressa,Olearia_rani,20/01/2017,FALSE,-40.74416667,172.6808333,Trioza
473a_S189,473a,3,16S_F,16S_R,25,55,KAPA 3G,NZ Psyllids/Martoni F.,Triozidae,Powellia,Powellia_compressa,Olearia_rani,20/01/2017,FALSE,-40.74416667,172.6808333,Trioza
476A_S185,476A,3,16S_F,16S_R,25,55,KAPA 3G,NZ Psyllids/Martoni F.,Triozidae,Trioza,Trioza_curta,Metrosideros_robusta,23/01/2017,FALSE,-40.63666667,172.5680556,Trioza
476a_S190,476a,3,16S_F,16S_R,25,55,KAPA 3G,NZ Psyllids/Martoni F.,Triozidae,Trioza,Trioza_curta,Metrosideros_robusta,23/01/2017,FALSE,-40.63666667,172.5680556,Trioza
415A_S144,415A,3,16S_F,16S_R,25,55,KAPA 3G,NZ Psyllids/Martoni F.,Triozidae,Powellia,Powellia_dacrydii,Halocarpus_sp,29/03/2016,FALSE,-41.80666667,172.8563889,Trioza
415B_S145,415B,3,16S_F,16S_R,25,55,KAPA 3G,NZ Psyllids/Martoni F.,Triozidae,Powellia,Powellia_dacrydii,Halocarpus_sp,29/03/2016,FALSE,-41.80666667,172.8563889,Trioza
61_S57,61,2,16S_F,16S_R,25,55,KAPA 3G,NZ Psyllids/Martoni F.,Triozidae,Powellia,Powellia_decurvata,Dracophyllum_sp,27/01/2015,FALSE,-43.29666667,171.7369444,Trioza
69_S63,69,2,16S_F,16S_R,25,55,KAPA 3G,NZ Psyllids/Martoni F.,Triozidae,Powellia,Powellia_decurvata,Dracophyllum_sp,8/01/2015,FALSE,-42.56555556,173.1886111,Trioza
40_S39,40,2,16S_F,16S_R,25,55,KAPA 3G,NZ Psyllids/Martoni F.,Triozidae,Powellia,Powellia_discariae,Discaria_toumatou,23/10/2014,FALSE,-43.16,172.7308333,Trioza
38a_S37,38A,2,16S_F,16S_R,25,55,KAPA 3G,NZ Psyllids/Martoni F.,Triozidae,Powellia,Powellia_discariae,Discaria_toumatou,14/09/2014,FALSE,-43.63527778,171.2261111,Trioza
38b_S38,38B,2,16S_F,16S_R,25,55,KAPA 3G,NZ Psyllids/Martoni F.,Triozidae,Powellia,Powellia_discariae,Discaria_toumatou,14/09/2014,FALSE,-43.63527778,171.2261111,Trioza
161_S129,161,2,16S_F,16S_R,25,55,KAPA 3G,NZ Psyllids/Martoni F.,Triozidae,Powellia,Powellia_doryphora,Olearia_ilicifolia,12/04/2015,FALSE,-43.80972222,173.0241667,Trioza
162_S130,162,2,16S_F,16S_R,25,55,KAPA 3G,NZ Psyllids/Martoni F.,Triozidae,Powellia,Powellia_doryphora,Olearia_ilicifolia,12/04/2015,FALSE,-43.80972222,173.0241667,Trioza
170_S136,170,2,16S_F,16S_R,25,55,KAPA 3G,NZ Psyllids/Martoni F.,Triozidae,Powellia,Powellia_doryphora,Olearia_ilicifolia,16/04/2015,FALSE,-43.75194444,173.0155556,Trioza
173_S138,173,2,16S_F,16S_R,25,55,KAPA 3G,NZ Psyllids/Martoni F.,Triozidae,Powellia,Powellia_doryphora,Olearia_ilicifolia,16/04/2015,FALSE,-43.80972222,173.0241667,Trioza
48_S46,48,2,16S_F,16S_R,25,55,KAPA 3G,NZ Psyllids/Martoni F.,Triozidae,Powellia,Powellia_emarginata,Coprosma_sp,27/10/2014,FALSE,-43.20638889,171.7225,Trioza
151_S122,151,2,16S_F,16S_R,25,55,KAPA 3G,NZ Psyllids/Martoni F.,Triozidae,Powellia,Powellia_falcata,Aristotelia_fruticosa,4/04/2015,FALSE,-42.99666667,171.7397222,Trioza
154_S124,154,2,16S_F,16S_R,25,55,KAPA 3G,NZ Psyllids/Martoni F.,Triozidae,Powellia,Powellia_falcata,Aristotelia_fruticosa,4/04/2015,FALSE,-42.99666667,171.7397222,Trioza
157_S125,157,2,16S_F,16S_R,25,55,KAPA 3G,NZ Psyllids/Martoni F.,Triozidae,Powellia,Powellia_falcata,Aristotelia_fruticosa,4/04/2015,FALSE,-43.22027778,171.7188889,Trioza
158_S126,158,2,16S_F,16S_R,25,55,KAPA 3G,NZ Psyllids/Martoni F.,Triozidae,Powellia,Powellia_falcata,Aristotelia_fruticosa,5/04/2015,FALSE,-43.13222222,171.7669444,Trioza
64_S60,64,2,16S_F,16S_R,25,55,KAPA 3G,NZ Psyllids/Martoni F.,Triozidae,Powellia,Powellia_fasciata,Muehlenbeckia_complexa,29/01/2015,FALSE,-40.51416667,172.7547222,Trioza
132_S109,132,2,16S_F,16S_R,25,55,KAPA 3G,NZ Psyllids/Martoni F.,Triozidae,Powellia,Powellia_fasciata,Muehlenbeckia_auxiliaris,25/03/2015,FALSE,-37.00777778,174.9061111,Trioza
471A_S182,471A,3,16S_F,16S_R,25,55,KAPA 3G,NZ Psyllids/Martoni F.,Triozidae,Powellia,Powellia_FORTROSE,Elaeocarpus,15/01/2017,FALSE,-41.29111111,173.2344444,Trioza
471a_S187,471a,3,16S_F,16S_R,25,55,KAPA 3G,NZ Psyllids/Martoni F.,Triozidae,Powellia,Powellia_FORTROSE,Elaeocarpus,15/01/2017,FALSE,-41.29111111,173.2344444,Trioza
457A_S172,457A,3,16S_F,16S_R,25,55,KAPA 3G,NZ Psyllids/Martoni F.,Triozidae,Powellia,Powellia_gourlayi,Olearia_virgata,1/12/2016,FALSE,-41.29111111,173.2344444,Trioza
457B_S173,457B,3,16S_F,16S_R,25,55,KAPA 3G,NZ Psyllids/Martoni F.,Triozidae,Powellia,Powellia_gourlayi,Olearia_virgata,1/12/2016,FALSE,-41.29111111,173.2344444,Trioza
63a_S59,63A,2,16S_F,16S_R,25,55,KAPA 3G,NZ Psyllids/Martoni F.,Triozidae,Powellia,Powellia_hebicola,Hebe_sp,27/01/2015,FALSE,-43.29666667,171.7369444,Trioza
4_S3,4,2,16S_F,16S_R,25,55,KAPA 3G,NZ Psyllids/Martoni F.,Triozidae,Powellia,Powellia_irregularis,Pseudopanax_arboreus,1/09/2014,FALSE,-43.29083333,171.925,Trioza
166_S133,166,2,16S_F,16S_R,25,55,KAPA 3G,NZ Psyllids/Martoni F.,Triozidae,Powellia,Powellia_irregularis,Pseudopanax_arboreus,16/04/2015,FALSE,-43.72111111,172.9372222,Trioza
168_S134,168,2,16S_F,16S_R,25,55,KAPA 3G,NZ Psyllids/Martoni F.,Triozidae,Powellia,Powellia_irregularis,Pseudopanax_arboreus,16/04/2015,FALSE,-43.72111111,172.9372222,Trioza
252_S128,252,3,16S_F,16S_R,25,55,KAPA 3G,NZ Psyllids/Martoni F.,Triozidae,Powellia,Powellia_irregularis,Fuchsia_excorticata,7/01/2016,FALSE,-41.14694444,173.5133333,Trioza
119a_S100,119A,2,16S_F,16S_R,25,55,KAPA 3G,NZ Psyllids/Martoni F.,Triozidae,Powellia,Powellia_MASSEY,Olearia_sp,11/03/2015,FALSE,-43.53027778,172.6208333,Trioza
479a_S88,479a,3,16S_F,16S_R,25,55,KAPA 3G,NZ Psyllids/Martoni F.,Triozidae,Powellia,Powellia_MASSEY,Olearia_odorata,24/01/2017,FALSE,-41.03694444,172.8075,Trioza
479A_S186,479A,3,16S_F,16S_R,25,55,KAPA 3G,NZ Psyllids/Martoni F.,Triozidae,Powellia,Powellia_MASSEY,Olearia_odorata,24/01/2017,FALSE,-41.03694444,172.8075,Trioza
68_S62,68,2,16S_F,16S_R,25,55,KAPA 3G,NZ Psyllids/Martoni F.,Triozidae,Powellia,Powellia_obscura,Hebe_sp,8/01/2015,FALSE,-42.56555556,173.1886111,Trioza
478A_S85,478A,3,16S_F,16S_R,25,55,KAPA 3G,NZ Psyllids/Martoni F.,Triozidae,Powellia,Powellia_obscura,Hebe_sp,24/01/2017,FALSE,-41.03694444,172.8075,Trioza
478B_S86,478B,3,16S_F,16S_R,25,55,KAPA 3G,NZ Psyllids/Martoni F.,Triozidae,Powellia,Powellia_obscura,Hebe_sp,24/01/2017,FALSE,-41.03694444,172.8075,Trioza
62_S58,62,2,16S_F,16S_R,25,55,KAPA 3G,NZ Psyllids/Martoni F.,Triozidae,Powellia,Powellia_OMAHUTA,Metrosideros_umbellata,27/01/2015,FALSE,-43.29666667,171.7369444,Trioza
456_S171,456,3,16S_F,16S_R,25,55,KAPA 3G,NZ Psyllids/Martoni F.,Triozidae,Powellia,Powellia_OMAHUTA,Brachyglottis_repanda,1/12/2016,FALSE,-41.29111111,173.2344444,Trioza
472A_S183,472A,3,16S_F,16S_R,25,55,KAPA 3G,NZ Psyllids/Martoni F.,Triozidae,Powellia,Powellia_OMAHUTA,Brachyglottis_repanda,17/01/2017,FALSE,-40.74416667,172.6808333,Trioza
472a_S188,472a,3,16S_F,16S_R,25,55,KAPA 3G,NZ Psyllids/Martoni F.,Triozidae,Powellia,Powellia_OMAHUTA,Brachyglottis_repanda,17/01/2017,FALSE,-40.74416667,172.6808333,Trioza
72_S65,72,2,16S_F,16S_R,25,55,KAPA 3G,NZ Psyllids/Martoni F.,Triozidae,Powellia,Powellia_panacis,Pseudopanax_crassifolius,16/02/2015,FALSE,-43.64027778,172.4752778,Trioza
57b_S54,57B,2,16S_F,16S_R,25,55,KAPA 3G,NZ Psyllids/Martoni F.,Triozidae,Powellia,Powellia_PRICES_VALLEY,Plagianthus_sp,9/11/2014,FALSE,-37.765,176.4002778,Trioza
410_S141,410,3,16S_F,16S_R,25,55,KAPA 3G,NZ Psyllids/Martoni F.,Triozidae,Powellia,Powellia_sp_A,Pittosporum_divaricartum,27/03/2016,FALSE,-41.80666667,172.8563889,Trioza
468A_S180,468A,3,16S_F,16S_R,25,55,KAPA 3G,NZ Psyllids/Martoni F.,Triozidae,Powellia,Powellia_sp_A,Pittosporum_divaricartum,14/01/2017,FALSE,-41.29111111,173.2344444,Trioza
468B_S181,468B,3,16S_F,16S_R,25,55,KAPA 3G,NZ Psyllids/Martoni F.,Triozidae,Powellia,Powellia_sp_A,Pittosporum_divaricartum,14/01/2017,FALSE,-41.29111111,173.2344444,Trioza
160_S128,160,2,16S_F,16S_R,25,55,KAPA 3G,NZ Psyllids/Martoni F.,Triozidae,Powellia,Powellia_acuta_B,Ozothamnus_sp,5/04/2015,FALSE,-43.13222222,171.7669444,Trioza
412_S142,412,3,16S_F,16S_R,25,55,KAPA 3G,NZ Psyllids/Martoni F.,Triozidae,Powellia,Powellia_sp_B,Olearia_arborescens,28/03/2016,FALSE,-41.80666667,172.8563889,Trioza
47_S45,47,2,16S_F,16S_R,25,55,KAPA 3G,NZ Psyllids/Martoni F.,Triozidae,Powellia,Powellia_sp_C,Pseudopanax_edgerlii,27/10/2014,FALSE,-43.02916667,171.6294444,Trioza
442A_S157,442A,3,16S_F,16S_R,25,55,KAPA 3G,NZ Psyllids/Martoni F.,Triozidae,Powellia,Powellia_sp_D,Olearia_virgata,24/10/2016,FALSE,-43.22416667,172.2825,Trioza
442B_S158,442B,3,16S_F,16S_R,25,55,KAPA 3G,NZ Psyllids/Martoni F.,Triozidae,Powellia,Powellia_sp_D,Olearia_virgata,24/10/2016,FALSE,-43.22416667,172.2825,Trioza
442b_S159,442b,3,16S_F,16S_R,25,55,KAPA 3G,NZ Psyllids/Martoni F.,Triozidae,Powellia,Powellia_sp_D,Olearia_virgata,24/10/2016,FALSE,-43.22416667,172.2825,Trioza
120a_S101,120A,2,16S_F,16S_R,25,55,KAPA 3G,NZ Psyllids/Martoni F.,Triozidae,Powellia,Powellia_subacuta,Olearia_avicenniifolia,10/03/2015,FALSE,-43.6325,172.6247222,Trioza
159a_S127,159A,2,16S_F,16S_R,25,55,KAPA 3G,NZ Psyllids/Martoni F.,Triozidae,Powellia,Powellia_subacuta,Olearia_avicenniifolia,5/04/2015,FALSE,-43.13222222,171.7669444,Trioza
257_S129,257,3,16S_F,16S_R,25,55,KAPA 3G,NZ Psyllids/Martoni F.,Triozidae,Powellia,Powellia_subvexa,Olearia,17/01/2016,FALSE,-40.76333333,172.6827778,Trioza
458_S174,458,3,16S_F,16S_R,25,55,KAPA 3G,NZ Psyllids/Martoni F.,Triozidae,Powellia,Powellia_subvexa,Olearia_avicenniifolia,1/12/2016,FALSE,-41.29111111,173.2344444,Trioza
477A_S87,477A,3,16S_F,16S_R,25,55,KAPA 3G,NZ Psyllids/Martoni F.,Triozidae,Powellia,Powellia_subvexa,Olearia_avicenniifolia,24/01/2017,FALSE,-41.03694444,172.8075,Trioza
477B_S84,477B,3,16S_F,16S_R,25,55,KAPA 3G,NZ Psyllids/Martoni F.,Triozidae,Powellia,Powellia_subvexa,Olearia_avicenniifolia,24/01/2017,FALSE,-41.03694444,172.8075,Trioza
53_S50,53,2,16S_F,16S_R,25,55,KAPA 3G,NZ Psyllids/Martoni F.,Triozidae,Powellia,Powellia_vitreoradiata,Pittosporum_crassifolius,30/11/2014,FALSE,-43.63972222,172.4752778,Trioza
59_S56,59,2,16S_F,16S_R,25,55,KAPA 3G,NZ Psyllids/Martoni F.,Triozidae,Powellia,Powellia_vitreoradiata,Pittosporum_crassifolius,23/01/2015,FALSE,-40.72666667,172.6886111,Trioza
84_S73,84,2,16S_F,16S_R,25,55,KAPA 3G,NZ Psyllids/Martoni F.,Triozidae,Powellia,Powellia_vitreoradiata,Pittosporum_crassifolius,25/02/2015,FALSE,-46.46805556,168.6583333,Trioza
88_S75,88,2,16S_F,16S_R,25,55,KAPA 3G,NZ Psyllids/Martoni F.,Triozidae,Powellia,Powellia_vitreoradiata,Pittosporum_crassifolius,25/02/2015,FALSE,-46.42444444,168.3605556,Trioza
90_S77,90,2,16S_F,16S_R,25,55,KAPA 3G,NZ Psyllids/Martoni F.,Triozidae,Powellia,Powellia_vitreoradiata,Pittosporum_crassifolius,26/02/2015,FALSE,-46.56416667,168.9447222,Trioza
102_S84,102,2,16S_F,16S_R,25,55,KAPA 3G,NZ Psyllids/Martoni F.,Triozidae,Powellia,Powellia_vitreoradiata,Pittosporum_crassifolius,28/02/2015,FALSE,-45.77833333,167.6152778,Trioza
104_S85,104,2,16S_F,16S_R,25,55,KAPA 3G,NZ Psyllids/Martoni F.,Triozidae,Powellia,Powellia_vitreoradiata,Pittosporum_crassifolius,2/03/2015,FALSE,-45.56472222,167.6105556,Trioza
133_S110,133,2,16S_F,16S_R,25,55,KAPA 3G,NZ Psyllids/Martoni F.,Triozidae,Powellia,Powellia_vitreoradiata,Pittosporum_crassifolius,25/03/2015,FALSE,-36.84666667,174.7547222,Trioza
148_S120,148,2,16S_F,16S_R,25,55,KAPA 3G,NZ Psyllids/Martoni F.,Triozidae,Powellia,Powellia_vitreoradiata,Pittosporum_crassifolius,29/03/2015,FALSE,-37.01361111,175.5102778,Trioza
169_S135,169,2,16S_F,16S_R,25,55,KAPA 3G,NZ Psyllids/Martoni F.,Triozidae,Powellia,Powellia_vitreoradiata,Pittosporum_crassifolius,16/04/2015,FALSE,-43.75194444,173.0155556,Trioza
Mock_S192,Mock,3,16S_F,16S_R,25,55,KAPA 3G,NZ Psyllids/Martoni F.,NA,NA,NA,NA,NA,FALSE,NA,NA,NA
PCRctrl_S191,PCR_negative,3,16S_F,16S_R,25,55,KAPA 3G,NZ Psyllids/Martoni F.,NA,NA,NA,NA,NA,FALSE,NA,NA,NA
